	chromosome	p start	q end	start	end	cytoband	cytoband type	arm	chromosome arm
0	1	121700001	125100000	1	2300000	p36.33	gneg	p	chr1p
1	1	121700001	125100000	2300001	5300000	p36.32	gpos25	p	chr1p
2	1	121700001	125100000	5300001	7100000	p36.31	gneg	p	chr1p
3	1	121700001	125100000	7100001	9100000	p36.23	gpos25	p	chr1p
4	1	121700001	125100000	9100001	12500000	p36.22	gneg	p	chr1p
5	1	121700001	125100000	12500001	15900000	p36.21	gpos50	p	chr1p
6	1	121700001	125100000	15900001	20100000	p36.13	gneg	p	chr1p
7	1	121700001	125100000	20100001	23600000	p36.12	gpos25	p	chr1p
8	1	121700001	125100000	23600001	27600000	p36.11	gneg	p	chr1p
9	1	121700001	125100000	27600001	29900000	p35.3	gpos25	p	chr1p
10	1	121700001	125100000	29900001	32300000	p35.2	gneg	p	chr1p
11	1	121700001	125100000	32300001	34300000	p35.1	gpos25	p	chr1p
12	1	121700001	125100000	34300001	39600000	p34.3	gneg	p	chr1p
13	1	121700001	125100000	39600001	43700000	p34.2	gpos25	p	chr1p
14	1	121700001	125100000	43700001	46300000	p34.1	gneg	p	chr1p
15	1	121700001	125100000	46300001	50200000	p33	gpos75	p	chr1p
16	1	121700001	125100000	50200001	55600000	p32.3	gneg	p	chr1p
17	1	121700001	125100000	55600001	58500000	p32.2	gpos50	p	chr1p
18	1	121700001	125100000	58500001	60800000	p32.1	gneg	p	chr1p
19	1	121700001	125100000	60800001	68500000	p31.3	gpos50	p	chr1p
20	1	121700001	125100000	68500001	69300000	p31.2	gneg	p	chr1p
21	1	121700001	125100000	69300001	84400000	p31.1	gpos100	p	chr1p
22	1	121700001	125100000	84400001	87900000	p22.3	gneg	p	chr1p
23	1	121700001	125100000	87900001	91500000	p22.2	gpos75	p	chr1p
24	1	121700001	125100000	91500001	94300000	p22.1	gneg	p	chr1p
25	1	121700001	125100000	94300001	99300000	p21.3	gpos75	p	chr1p
26	1	121700001	125100000	99300001	101800000	p21.2	gneg	p	chr1p
27	1	121700001	125100000	101800001	106700000	p21.1	gpos100	p	chr1p
28	1	121700001	125100000	106700001	111200000	p13.3	gneg	p	chr1p
29	1	121700001	125100000	111200001	115500000	p13.2	gpos50	p	chr1p
30	1	121700001	125100000	115500001	117200000	p13.1	gneg	p	chr1p
31	1	121700001	125100000	117200001	120400000	p12	gpos50	p	chr1p
32	1	121700001	125100000	120400001	121700000	p11.2	gneg	p	chr1p
33	1	121700001	125100000	121700001	123400000	p11.1	acen	p	chr1p
34	1	121700001	125100000	123400001	125100000	q11	acen	q	chr1q
35	1	121700001	125100000	125100001	143200000	q12	gvar	q	chr1q
36	1	121700001	125100000	143200001	147500000	q21.1	gneg	q	chr1q
37	1	121700001	125100000	147500001	150600000	q21.2	gpos50	q	chr1q
38	1	121700001	125100000	150600001	155100000	q21.3	gneg	q	chr1q
39	1	121700001	125100000	155100001	156600000	q22	gpos50	q	chr1q
40	1	121700001	125100000	156600001	159100000	q23.1	gneg	q	chr1q
41	1	121700001	125100000	159100001	160500000	q23.2	gpos50	q	chr1q
42	1	121700001	125100000	160500001	165500000	q23.3	gneg	q	chr1q
43	1	121700001	125100000	165500001	167200000	q24.1	gpos50	q	chr1q
44	1	121700001	125100000	167200001	170900000	q24.2	gneg	q	chr1q
45	1	121700001	125100000	170900001	173000000	q24.3	gpos75	q	chr1q
46	1	121700001	125100000	173000001	176100000	q25.1	gneg	q	chr1q
47	1	121700001	125100000	176100001	180300000	q25.2	gpos50	q	chr1q
48	1	121700001	125100000	180300001	185800000	q25.3	gneg	q	chr1q
49	1	121700001	125100000	185800001	190800000	q31.1	gpos100	q	chr1q
50	1	121700001	125100000	190800001	193800000	q31.2	gneg	q	chr1q
51	1	121700001	125100000	193800001	198700000	q31.3	gpos100	q	chr1q
52	1	121700001	125100000	198700001	207100000	q32.1	gneg	q	chr1q
53	1	121700001	125100000	207100001	211300000	q32.2	gpos25	q	chr1q
54	1	121700001	125100000	211300001	214400000	q32.3	gneg	q	chr1q
55	1	121700001	125100000	214400001	223900000	q41	gpos100	q	chr1q
56	1	121700001	125100000	223900001	224400000	q42.11	gneg	q	chr1q
57	1	121700001	125100000	224400001	226800000	q42.12	gpos25	q	chr1q
58	1	121700001	125100000	226800001	230500000	q42.13	gneg	q	chr1q
59	1	121700001	125100000	230500001	234600000	q42.2	gpos50	q	chr1q
60	1	121700001	125100000	234600001	236400000	q42.3	gneg	q	chr1q
61	1	121700001	125100000	236400001	243500000	q43	gpos75	q	chr1q
62	1	121700001	125100000	243500001	248956422	q44	gneg	q	chr1q
63	10	38000001	41600000	1	3000000	p15.3	gneg	p	chr10p
64	10	38000001	41600000	3000001	3800000	p15.2	gpos25	p	chr10p
65	10	38000001	41600000	3800001	6600000	p15.1	gneg	p	chr10p
66	10	38000001	41600000	6600001	12200000	p14	gpos75	p	chr10p
67	10	38000001	41600000	12200001	17300000	p13	gneg	p	chr10p
68	10	38000001	41600000	17300001	18300000	p12.33	gpos75	p	chr10p
69	10	38000001	41600000	18300001	18400000	p12.32	gneg	p	chr10p
70	10	38000001	41600000	18400001	22300000	p12.31	gpos75	p	chr10p
71	10	38000001	41600000	22300001	24300000	p12.2	gneg	p	chr10p
72	10	38000001	41600000	24300001	29300000	p12.1	gpos50	p	chr10p
73	10	38000001	41600000	29300001	31100000	p11.23	gneg	p	chr10p
74	10	38000001	41600000	31100001	34200000	p11.22	gpos25	p	chr10p
75	10	38000001	41600000	34200001	38000000	p11.21	gneg	p	chr10p
76	10	38000001	41600000	38000001	39800000	p11.1	acen	p	chr10p
77	10	38000001	41600000	39800001	41600000	q11.1	acen	q	chr10q
78	10	38000001	41600000	41600001	45500000	q11.21	gneg	q	chr10q
79	10	38000001	41600000	45500001	48600000	q11.22	gpos25	q	chr10q
80	10	38000001	41600000	48600001	51100000	q11.23	gneg	q	chr10q
81	10	38000001	41600000	51100001	59400000	q21.1	gpos100	q	chr10q
82	10	38000001	41600000	59400001	62800000	q21.2	gneg	q	chr10q
83	10	38000001	41600000	62800001	68800000	q21.3	gpos100	q	chr10q
84	10	38000001	41600000	68800001	73100000	q22.1	gneg	q	chr10q
85	10	38000001	41600000	73100001	75900000	q22.2	gpos50	q	chr10q
86	10	38000001	41600000	75900001	80300000	q22.3	gneg	q	chr10q
87	10	38000001	41600000	80300001	86100000	q23.1	gpos100	q	chr10q
88	10	38000001	41600000	86100001	87700000	q23.2	gneg	q	chr10q
89	10	38000001	41600000	87700001	91100000	q23.31	gpos75	q	chr10q
90	10	38000001	41600000	91100001	92300000	q23.32	gneg	q	chr10q
91	10	38000001	41600000	92300001	95300000	q23.33	gpos50	q	chr10q
92	10	38000001	41600000	95300001	97500000	q24.1	gneg	q	chr10q
93	10	38000001	41600000	97500001	100100000	q24.2	gpos50	q	chr10q
94	10	38000001	41600000	100100001	101200000	q24.31	gneg	q	chr10q
95	10	38000001	41600000	101200001	103100000	q24.32	gpos25	q	chr10q
96	10	38000001	41600000	103100001	104000000	q24.33	gneg	q	chr10q
97	10	38000001	41600000	104000001	110100000	q25.1	gpos100	q	chr10q
98	10	38000001	41600000	110100001	113100000	q25.2	gneg	q	chr10q
99	10	38000001	41600000	113100001	117300000	q25.3	gpos75	q	chr10q
100	10	38000001	41600000	117300001	119900000	q26.11	gneg	q	chr10q
101	10	38000001	41600000	119900001	121400000	q26.12	gpos50	q	chr10q
102	10	38000001	41600000	121400001	125700000	q26.13	gneg	q	chr10q
103	10	38000001	41600000	125700001	128800000	q26.2	gpos50	q	chr10q
104	10	38000001	41600000	128800001	133797422	q26.3	gneg	q	chr10q
105	11	51000001	55800000	1	2800000	p15.5	gneg	p	chr11p
106	11	51000001	55800000	2800001	11700000	p15.4	gpos50	p	chr11p
107	11	51000001	55800000	11700001	13800000	p15.3	gneg	p	chr11p
108	11	51000001	55800000	13800001	16900000	p15.2	gpos50	p	chr11p
109	11	51000001	55800000	16900001	22000000	p15.1	gneg	p	chr11p
110	11	51000001	55800000	22000001	26200000	p14.3	gpos100	p	chr11p
111	11	51000001	55800000	26200001	27200000	p14.2	gneg	p	chr11p
112	11	51000001	55800000	27200001	31000000	p14.1	gpos75	p	chr11p
113	11	51000001	55800000	31000001	36400000	p13	gneg	p	chr11p
114	11	51000001	55800000	36400001	43400000	p12	gpos100	p	chr11p
115	11	51000001	55800000	43400001	48800000	p11.2	gneg	p	chr11p
116	11	51000001	55800000	48800001	51000000	p11.12	gpos75	p	chr11p
117	11	51000001	55800000	51000001	53400000	p11.11	acen	p	chr11p
118	11	51000001	55800000	53400001	55800000	q11	acen	q	chr11q
119	11	51000001	55800000	55800001	60100000	q12.1	gpos75	q	chr11q
120	11	51000001	55800000	60100001	61900000	q12.2	gneg	q	chr11q
121	11	51000001	55800000	61900001	63600000	q12.3	gpos25	q	chr11q
122	11	51000001	55800000	63600001	66100000	q13.1	gneg	q	chr11q
123	11	51000001	55800000	66100001	68700000	q13.2	gpos25	q	chr11q
124	11	51000001	55800000	68700001	70500000	q13.3	gneg	q	chr11q
125	11	51000001	55800000	70500001	75500000	q13.4	gpos50	q	chr11q
126	11	51000001	55800000	75500001	77400000	q13.5	gneg	q	chr11q
127	11	51000001	55800000	77400001	85900000	q14.1	gpos100	q	chr11q
128	11	51000001	55800000	85900001	88600000	q14.2	gneg	q	chr11q
129	11	51000001	55800000	88600001	93000000	q14.3	gpos100	q	chr11q
130	11	51000001	55800000	93000001	97400000	q21	gneg	q	chr11q
131	11	51000001	55800000	97400001	102300000	q22.1	gpos100	q	chr11q
132	11	51000001	55800000	102300001	103000000	q22.2	gneg	q	chr11q
133	11	51000001	55800000	103000001	110600000	q22.3	gpos100	q	chr11q
134	11	51000001	55800000	110600001	112700000	q23.1	gneg	q	chr11q
135	11	51000001	55800000	112700001	114600000	q23.2	gpos50	q	chr11q
136	11	51000001	55800000	114600001	121300000	q23.3	gneg	q	chr11q
137	11	51000001	55800000	121300001	124000000	q24.1	gpos50	q	chr11q
138	11	51000001	55800000	124000001	127900000	q24.2	gneg	q	chr11q
139	11	51000001	55800000	127900001	130900000	q24.3	gpos50	q	chr11q
140	11	51000001	55800000	130900001	135086622	q25	gneg	q	chr11q
141	12	33200001	37800000	1	3200000	p13.33	gneg	p	chr12p
142	12	33200001	37800000	3200001	5300000	p13.32	gpos25	p	chr12p
143	12	33200001	37800000	5300001	10000000	p13.31	gneg	p	chr12p
144	12	33200001	37800000	10000001	12600000	p13.2	gpos75	p	chr12p
145	12	33200001	37800000	12600001	14600000	p13.1	gneg	p	chr12p
146	12	33200001	37800000	14600001	19800000	p12.3	gpos100	p	chr12p
147	12	33200001	37800000	19800001	21100000	p12.2	gneg	p	chr12p
148	12	33200001	37800000	21100001	26300000	p12.1	gpos100	p	chr12p
149	12	33200001	37800000	26300001	27600000	p11.23	gneg	p	chr12p
150	12	33200001	37800000	27600001	30500000	p11.22	gpos50	p	chr12p
151	12	33200001	37800000	30500001	33200000	p11.21	gneg	p	chr12p
152	12	33200001	37800000	33200001	35500000	p11.1	acen	p	chr12p
153	12	33200001	37800000	35500001	37800000	q11	acen	q	chr12q
154	12	33200001	37800000	37800001	46000000	q12	gpos100	q	chr12q
155	12	33200001	37800000	46000001	48700000	q13.11	gneg	q	chr12q
156	12	33200001	37800000	48700001	51100000	q13.12	gpos25	q	chr12q
157	12	33200001	37800000	51100001	54500000	q13.13	gneg	q	chr12q
158	12	33200001	37800000	54500001	56200000	q13.2	gpos25	q	chr12q
159	12	33200001	37800000	56200001	57700000	q13.3	gneg	q	chr12q
160	12	33200001	37800000	57700001	62700000	q14.1	gpos75	q	chr12q
161	12	33200001	37800000	62700001	64700000	q14.2	gneg	q	chr12q
162	12	33200001	37800000	64700001	67300000	q14.3	gpos50	q	chr12q
163	12	33200001	37800000	67300001	71100000	q15	gneg	q	chr12q
164	12	33200001	37800000	71100001	75300000	q21.1	gpos75	q	chr12q
165	12	33200001	37800000	75300001	79900000	q21.2	gneg	q	chr12q
166	12	33200001	37800000	79900001	86300000	q21.31	gpos100	q	chr12q
167	12	33200001	37800000	86300001	88600000	q21.32	gneg	q	chr12q
168	12	33200001	37800000	88600001	92200000	q21.33	gpos100	q	chr12q
169	12	33200001	37800000	92200001	95800000	q22	gneg	q	chr12q
170	12	33200001	37800000	95800001	101200000	q23.1	gpos75	q	chr12q
171	12	33200001	37800000	101200001	103500000	q23.2	gneg	q	chr12q
172	12	33200001	37800000	103500001	108600000	q23.3	gpos50	q	chr12q
173	12	33200001	37800000	108600001	111300000	q24.11	gneg	q	chr12q
174	12	33200001	37800000	111300001	111900000	q24.12	gpos25	q	chr12q
175	12	33200001	37800000	111900001	113900000	q24.13	gneg	q	chr12q
176	12	33200001	37800000	113900001	116400000	q24.21	gpos50	q	chr12q
177	12	33200001	37800000	116400001	117700000	q24.22	gneg	q	chr12q
178	12	33200001	37800000	117700001	120300000	q24.23	gpos50	q	chr12q
179	12	33200001	37800000	120300001	125400000	q24.31	gneg	q	chr12q
180	12	33200001	37800000	125400001	128700000	q24.32	gpos50	q	chr12q
181	12	33200001	37800000	128700001	133275309	q24.33	gneg	q	chr12q
182	13	16500001	18900000	1	4600000	p13	gvar	p	chr13p
183	13	16500001	18900000	4600001	10100000	p12	stalk	p	chr13p
184	13	16500001	18900000	10100001	16500000	p11.2	gvar	p	chr13p
185	13	16500001	18900000	16500001	17700000	p11.1	acen	p	chr13p
186	13	16500001	18900000	17700001	18900000	q11	acen	q	chr13q
187	13	16500001	18900000	18900001	22600000	q12.11	gneg	q	chr13q
188	13	16500001	18900000	22600001	24900000	q12.12	gpos25	q	chr13q
189	13	16500001	18900000	24900001	27200000	q12.13	gneg	q	chr13q
190	13	16500001	18900000	27200001	28300000	q12.2	gpos25	q	chr13q
191	13	16500001	18900000	28300001	31600000	q12.3	gneg	q	chr13q
192	13	16500001	18900000	31600001	33400000	q13.1	gpos50	q	chr13q
193	13	16500001	18900000	33400001	34900000	q13.2	gneg	q	chr13q
194	13	16500001	18900000	34900001	39500000	q13.3	gpos75	q	chr13q
195	13	16500001	18900000	39500001	44600000	q14.11	gneg	q	chr13q
196	13	16500001	18900000	44600001	45200000	q14.12	gpos25	q	chr13q
197	13	16500001	18900000	45200001	46700000	q14.13	gneg	q	chr13q
198	13	16500001	18900000	46700001	50300000	q14.2	gpos50	q	chr13q
199	13	16500001	18900000	50300001	54700000	q14.3	gneg	q	chr13q
200	13	16500001	18900000	54700001	59000000	q21.1	gpos100	q	chr13q
201	13	16500001	18900000	59000001	61800000	q21.2	gneg	q	chr13q
202	13	16500001	18900000	61800001	65200000	q21.31	gpos75	q	chr13q
203	13	16500001	18900000	65200001	68100000	q21.32	gneg	q	chr13q
204	13	16500001	18900000	68100001	72800000	q21.33	gpos100	q	chr13q
205	13	16500001	18900000	72800001	74900000	q22.1	gneg	q	chr13q
206	13	16500001	18900000	74900001	76700000	q22.2	gpos50	q	chr13q
207	13	16500001	18900000	76700001	78500000	q22.3	gneg	q	chr13q
208	13	16500001	18900000	78500001	87100000	q31.1	gpos100	q	chr13q
209	13	16500001	18900000	87100001	89400000	q31.2	gneg	q	chr13q
210	13	16500001	18900000	89400001	94400000	q31.3	gpos100	q	chr13q
211	13	16500001	18900000	94400001	97500000	q32.1	gneg	q	chr13q
212	13	16500001	18900000	97500001	98700000	q32.2	gpos25	q	chr13q
213	13	16500001	18900000	98700001	101100000	q32.3	gneg	q	chr13q
214	13	16500001	18900000	101100001	104200000	q33.1	gpos100	q	chr13q
215	13	16500001	18900000	104200001	106400000	q33.2	gneg	q	chr13q
216	13	16500001	18900000	106400001	109600000	q33.3	gpos100	q	chr13q
217	13	16500001	18900000	109600001	114364328	q34	gneg	q	chr13q
218	14	16100001	18200000	1	3600000	p13	gvar	p	chr14p
219	14	16100001	18200000	3600001	8000000	p12	stalk	p	chr14p
220	14	16100001	18200000	8000001	16100000	p11.2	gvar	p	chr14p
221	14	16100001	18200000	16100001	17200000	p11.1	acen	p	chr14p
222	14	16100001	18200000	17200001	18200000	q11.1	acen	q	chr14q
223	14	16100001	18200000	18200001	24100000	q11.2	gneg	q	chr14q
224	14	16100001	18200000	24100001	32900000	q12	gpos100	q	chr14q
225	14	16100001	18200000	32900001	34800000	q13.1	gneg	q	chr14q
226	14	16100001	18200000	34800001	36100000	q13.2	gpos50	q	chr14q
227	14	16100001	18200000	36100001	37400000	q13.3	gneg	q	chr14q
228	14	16100001	18200000	37400001	43000000	q21.1	gpos100	q	chr14q
229	14	16100001	18200000	43000001	46700000	q21.2	gneg	q	chr14q
230	14	16100001	18200000	46700001	50400000	q21.3	gpos100	q	chr14q
231	14	16100001	18200000	50400001	53600000	q22.1	gneg	q	chr14q
232	14	16100001	18200000	53600001	55000000	q22.2	gpos25	q	chr14q
233	14	16100001	18200000	55000001	57600000	q22.3	gneg	q	chr14q
234	14	16100001	18200000	57600001	61600000	q23.1	gpos75	q	chr14q
235	14	16100001	18200000	61600001	64300000	q23.2	gneg	q	chr14q
236	14	16100001	18200000	64300001	67400000	q23.3	gpos50	q	chr14q
237	14	16100001	18200000	67400001	69800000	q24.1	gneg	q	chr14q
238	14	16100001	18200000	69800001	73300000	q24.2	gpos50	q	chr14q
239	14	16100001	18200000	73300001	78800000	q24.3	gneg	q	chr14q
240	14	16100001	18200000	78800001	83100000	q31.1	gpos100	q	chr14q
241	14	16100001	18200000	83100001	84400000	q31.2	gneg	q	chr14q
242	14	16100001	18200000	84400001	89300000	q31.3	gpos100	q	chr14q
243	14	16100001	18200000	89300001	91400000	q32.11	gneg	q	chr14q
244	14	16100001	18200000	91400001	94200000	q32.12	gpos25	q	chr14q
245	14	16100001	18200000	94200001	95800000	q32.13	gneg	q	chr14q
246	14	16100001	18200000	95800001	100900000	q32.2	gpos50	q	chr14q
247	14	16100001	18200000	100900001	102700000	q32.31	gneg	q	chr14q
248	14	16100001	18200000	102700001	103500000	q32.32	gpos50	q	chr14q
249	14	16100001	18200000	103500001	107043718	q32.33	gneg	q	chr14q
250	15	17500001	20500000	1	4200000	p13	gvar	p	chr15p
251	15	17500001	20500000	4200001	9700000	p12	stalk	p	chr15p
252	15	17500001	20500000	9700001	17500000	p11.2	gvar	p	chr15p
253	15	17500001	20500000	17500001	19000000	p11.1	acen	p	chr15p
254	15	17500001	20500000	19000001	20500000	q11.1	acen	q	chr15q
255	15	17500001	20500000	20500001	25500000	q11.2	gneg	q	chr15q
256	15	17500001	20500000	25500001	27800000	q12	gpos50	q	chr15q
257	15	17500001	20500000	27800001	30000000	q13.1	gneg	q	chr15q
258	15	17500001	20500000	30000001	30900000	q13.2	gpos50	q	chr15q
259	15	17500001	20500000	30900001	33400000	q13.3	gneg	q	chr15q
260	15	17500001	20500000	33400001	39800000	q14	gpos75	q	chr15q
261	15	17500001	20500000	39800001	42500000	q15.1	gneg	q	chr15q
262	15	17500001	20500000	42500001	43300000	q15.2	gpos25	q	chr15q
263	15	17500001	20500000	43300001	44500000	q15.3	gneg	q	chr15q
264	15	17500001	20500000	44500001	49200000	q21.1	gpos75	q	chr15q
265	15	17500001	20500000	49200001	52600000	q21.2	gneg	q	chr15q
266	15	17500001	20500000	52600001	58800000	q21.3	gpos75	q	chr15q
267	15	17500001	20500000	58800001	59000000	q22.1	gneg	q	chr15q
268	15	17500001	20500000	59000001	63400000	q22.2	gpos25	q	chr15q
269	15	17500001	20500000	63400001	66900000	q22.31	gneg	q	chr15q
270	15	17500001	20500000	66900001	67000000	q22.32	gpos25	q	chr15q
271	15	17500001	20500000	67000001	67200000	q22.33	gneg	q	chr15q
272	15	17500001	20500000	67200001	72400000	q23	gpos25	q	chr15q
273	15	17500001	20500000	72400001	74900000	q24.1	gneg	q	chr15q
274	15	17500001	20500000	74900001	76300000	q24.2	gpos25	q	chr15q
275	15	17500001	20500000	76300001	78000000	q24.3	gneg	q	chr15q
276	15	17500001	20500000	78000001	81400000	q25.1	gpos50	q	chr15q
277	15	17500001	20500000	81400001	84700000	q25.2	gneg	q	chr15q
278	15	17500001	20500000	84700001	88500000	q25.3	gpos50	q	chr15q
279	15	17500001	20500000	88500001	93800000	q26.1	gneg	q	chr15q
280	15	17500001	20500000	93800001	98000000	q26.2	gpos50	q	chr15q
281	15	17500001	20500000	98000001	101991189	q26.3	gneg	q	chr15q
282	16	35300001	38400000	1	7800000	p13.3	gneg	p	chr16p
283	16	35300001	38400000	7800001	10400000	p13.2	gpos50	p	chr16p
284	16	35300001	38400000	10400001	12500000	p13.13	gneg	p	chr16p
285	16	35300001	38400000	12500001	14700000	p13.12	gpos50	p	chr16p
286	16	35300001	38400000	14700001	16700000	p13.11	gneg	p	chr16p
287	16	35300001	38400000	16700001	21200000	p12.3	gpos50	p	chr16p
288	16	35300001	38400000	21200001	24200000	p12.2	gneg	p	chr16p
289	16	35300001	38400000	24200001	28500000	p12.1	gpos50	p	chr16p
290	16	35300001	38400000	28500001	35300000	p11.2	gneg	p	chr16p
291	16	35300001	38400000	35300001	36800000	p11.1	acen	p	chr16p
292	16	35300001	38400000	36800001	38400000	q11.1	acen	q	chr16q
293	16	35300001	38400000	38400001	47000000	q11.2	gvar	q	chr16q
294	16	35300001	38400000	47000001	52600000	q12.1	gneg	q	chr16q
295	16	35300001	38400000	52600001	56000000	q12.2	gpos50	q	chr16q
296	16	35300001	38400000	56000001	57300000	q13	gneg	q	chr16q
297	16	35300001	38400000	57300001	66600000	q21	gpos100	q	chr16q
298	16	35300001	38400000	66600001	70800000	q22.1	gneg	q	chr16q
299	16	35300001	38400000	70800001	72800000	q22.2	gpos50	q	chr16q
300	16	35300001	38400000	72800001	74100000	q22.3	gneg	q	chr16q
301	16	35300001	38400000	74100001	79200000	q23.1	gpos75	q	chr16q
302	16	35300001	38400000	79200001	81600000	q23.2	gneg	q	chr16q
303	16	35300001	38400000	81600001	84100000	q23.3	gpos50	q	chr16q
304	16	35300001	38400000	84100001	87000000	q24.1	gneg	q	chr16q
305	16	35300001	38400000	87000001	88700000	q24.2	gpos25	q	chr16q
306	16	35300001	38400000	88700001	90338345	q24.3	gneg	q	chr16q
307	17	22700001	27400000	1	3400000	p13.3	gneg	p	chr17p
308	17	22700001	27400000	3400001	6500000	p13.2	gpos50	p	chr17p
309	17	22700001	27400000	6500001	10800000	p13.1	gneg	p	chr17p
310	17	22700001	27400000	10800001	16100000	p12	gpos75	p	chr17p
311	17	22700001	27400000	16100001	22700000	p11.2	gneg	p	chr17p
312	17	22700001	27400000	22700001	25100000	p11.1	acen	p	chr17p
313	17	22700001	27400000	25100001	27400000	q11.1	acen	q	chr17q
314	17	22700001	27400000	27400001	33500000	q11.2	gneg	q	chr17q
315	17	22700001	27400000	33500001	39800000	q12	gpos50	q	chr17q
316	17	22700001	27400000	39800001	40200000	q21.1	gneg	q	chr17q
317	17	22700001	27400000	40200001	42800000	q21.2	gpos25	q	chr17q
318	17	22700001	27400000	42800001	46800000	q21.31	gneg	q	chr17q
319	17	22700001	27400000	46800001	49300000	q21.32	gpos25	q	chr17q
320	17	22700001	27400000	49300001	52100000	q21.33	gneg	q	chr17q
321	17	22700001	27400000	52100001	59500000	q22	gpos75	q	chr17q
322	17	22700001	27400000	59500001	60200000	q23.1	gneg	q	chr17q
323	17	22700001	27400000	60200001	63100000	q23.2	gpos75	q	chr17q
324	17	22700001	27400000	63100001	64600000	q23.3	gneg	q	chr17q
325	17	22700001	27400000	64600001	66200000	q24.1	gpos50	q	chr17q
326	17	22700001	27400000	66200001	69100000	q24.2	gneg	q	chr17q
327	17	22700001	27400000	69100001	72900000	q24.3	gpos75	q	chr17q
328	17	22700001	27400000	72900001	76800000	q25.1	gneg	q	chr17q
329	17	22700001	27400000	76800001	77200000	q25.2	gpos25	q	chr17q
330	17	22700001	27400000	77200001	83257441	q25.3	gneg	q	chr17q
331	18	15400001	21500000	1	2900000	p11.32	gneg	p	chr18p
332	18	15400001	21500000	2900001	7200000	p11.31	gpos50	p	chr18p
333	18	15400001	21500000	7200001	8500000	p11.23	gneg	p	chr18p
334	18	15400001	21500000	8500001	10900000	p11.22	gpos25	p	chr18p
335	18	15400001	21500000	10900001	15400000	p11.21	gneg	p	chr18p
336	18	15400001	21500000	15400001	18500000	p11.1	acen	p	chr18p
337	18	15400001	21500000	18500001	21500000	q11.1	acen	q	chr18q
338	18	15400001	21500000	21500001	27500000	q11.2	gneg	q	chr18q
339	18	15400001	21500000	27500001	35100000	q12.1	gpos100	q	chr18q
340	18	15400001	21500000	35100001	39500000	q12.2	gneg	q	chr18q
341	18	15400001	21500000	39500001	45900000	q12.3	gpos75	q	chr18q
342	18	15400001	21500000	45900001	50700000	q21.1	gneg	q	chr18q
343	18	15400001	21500000	50700001	56200000	q21.2	gpos75	q	chr18q
344	18	15400001	21500000	56200001	58600000	q21.31	gneg	q	chr18q
345	18	15400001	21500000	58600001	61300000	q21.32	gpos50	q	chr18q
346	18	15400001	21500000	61300001	63900000	q21.33	gneg	q	chr18q
347	18	15400001	21500000	63900001	69100000	q22.1	gpos100	q	chr18q
348	18	15400001	21500000	69100001	71000000	q22.2	gneg	q	chr18q
349	18	15400001	21500000	71000001	75400000	q22.3	gpos25	q	chr18q
350	18	15400001	21500000	75400001	80373285	q23	gneg	q	chr18q
351	19	24200001	28100000	1	6900000	p13.3	gneg	p	chr19p
352	19	24200001	28100000	6900001	12600000	p13.2	gpos25	p	chr19p
353	19	24200001	28100000	12600001	13800000	p13.13	gneg	p	chr19p
354	19	24200001	28100000	13800001	16100000	p13.12	gpos25	p	chr19p
355	19	24200001	28100000	16100001	19900000	p13.11	gneg	p	chr19p
356	19	24200001	28100000	19900001	24200000	p12	gvar	p	chr19p
357	19	24200001	28100000	24200001	26200000	p11	acen	p	chr19p
358	19	24200001	28100000	26200001	28100000	q11	acen	q	chr19q
359	19	24200001	28100000	28100001	31900000	q12	gvar	q	chr19q
360	19	24200001	28100000	31900001	35100000	q13.11	gneg	q	chr19q
361	19	24200001	28100000	35100001	37800000	q13.12	gpos25	q	chr19q
362	19	24200001	28100000	37800001	38200000	q13.13	gneg	q	chr19q
363	19	24200001	28100000	38200001	42900000	q13.2	gpos25	q	chr19q
364	19	24200001	28100000	42900001	44700000	q13.31	gneg	q	chr19q
365	19	24200001	28100000	44700001	47500000	q13.32	gpos25	q	chr19q
366	19	24200001	28100000	47500001	50900000	q13.33	gneg	q	chr19q
367	19	24200001	28100000	50900001	53100000	q13.41	gpos25	q	chr19q
368	19	24200001	28100000	53100001	55800000	q13.42	gneg	q	chr19q
369	19	24200001	28100000	55800001	58617616	q13.43	gpos25	q	chr19q
370	2	91800001	96000000	1	4400000	p25.3	gneg	p	chr2p
371	2	91800001	96000000	4400001	6900000	p25.2	gpos50	p	chr2p
372	2	91800001	96000000	6900001	12000000	p25.1	gneg	p	chr2p
373	2	91800001	96000000	12000001	16500000	p24.3	gpos75	p	chr2p
374	2	91800001	96000000	16500001	19000000	p24.2	gneg	p	chr2p
375	2	91800001	96000000	19000001	23800000	p24.1	gpos75	p	chr2p
376	2	91800001	96000000	23800001	27700000	p23.3	gneg	p	chr2p
377	2	91800001	96000000	27700001	29800000	p23.2	gpos25	p	chr2p
378	2	91800001	96000000	29800001	31800000	p23.1	gneg	p	chr2p
379	2	91800001	96000000	31800001	36300000	p22.3	gpos75	p	chr2p
380	2	91800001	96000000	36300001	38300000	p22.2	gneg	p	chr2p
381	2	91800001	96000000	38300001	41500000	p22.1	gpos50	p	chr2p
382	2	91800001	96000000	41500001	47500000	p21	gneg	p	chr2p
383	2	91800001	96000000	47500001	52600000	p16.3	gpos100	p	chr2p
384	2	91800001	96000000	52600001	54700000	p16.2	gneg	p	chr2p
385	2	91800001	96000000	54700001	61000000	p16.1	gpos100	p	chr2p
386	2	91800001	96000000	61000001	63900000	p15	gneg	p	chr2p
387	2	91800001	96000000	63900001	68400000	p14	gpos50	p	chr2p
388	2	91800001	96000000	68400001	71300000	p13.3	gneg	p	chr2p
389	2	91800001	96000000	71300001	73300000	p13.2	gpos50	p	chr2p
390	2	91800001	96000000	73300001	74800000	p13.1	gneg	p	chr2p
391	2	91800001	96000000	74800001	83100000	p12	gpos100	p	chr2p
392	2	91800001	96000000	83100001	91800000	p11.2	gneg	p	chr2p
393	2	91800001	96000000	91800001	93900000	p11.1	acen	p	chr2p
394	2	91800001	96000000	93900001	96000000	q11.1	acen	q	chr2q
395	2	91800001	96000000	96000001	102100000	q11.2	gneg	q	chr2q
396	2	91800001	96000000	102100001	105300000	q12.1	gpos50	q	chr2q
397	2	91800001	96000000	105300001	106700000	q12.2	gneg	q	chr2q
398	2	91800001	96000000	106700001	108700000	q12.3	gpos25	q	chr2q
399	2	91800001	96000000	108700001	112200000	q13	gneg	q	chr2q
400	2	91800001	96000000	112200001	118100000	q14.1	gpos50	q	chr2q
401	2	91800001	96000000	118100001	121600000	q14.2	gneg	q	chr2q
402	2	91800001	96000000	121600001	129100000	q14.3	gpos50	q	chr2q
403	2	91800001	96000000	129100001	131700000	q21.1	gneg	q	chr2q
404	2	91800001	96000000	131700001	134300000	q21.2	gpos25	q	chr2q
405	2	91800001	96000000	134300001	136100000	q21.3	gneg	q	chr2q
406	2	91800001	96000000	136100001	141500000	q22.1	gpos100	q	chr2q
407	2	91800001	96000000	141500001	143400000	q22.2	gneg	q	chr2q
408	2	91800001	96000000	143400001	147900000	q22.3	gpos100	q	chr2q
409	2	91800001	96000000	147900001	149000000	q23.1	gneg	q	chr2q
410	2	91800001	96000000	149000001	149600000	q23.2	gpos25	q	chr2q
411	2	91800001	96000000	149600001	154000000	q23.3	gneg	q	chr2q
412	2	91800001	96000000	154000001	158900000	q24.1	gpos75	q	chr2q
413	2	91800001	96000000	158900001	162900000	q24.2	gneg	q	chr2q
414	2	91800001	96000000	162900001	168900000	q24.3	gpos75	q	chr2q
415	2	91800001	96000000	168900001	177100000	q31.1	gneg	q	chr2q
416	2	91800001	96000000	177100001	179700000	q31.2	gpos50	q	chr2q
417	2	91800001	96000000	179700001	182100000	q31.3	gneg	q	chr2q
418	2	91800001	96000000	182100001	188500000	q32.1	gpos75	q	chr2q
419	2	91800001	96000000	188500001	191100000	q32.2	gneg	q	chr2q
420	2	91800001	96000000	191100001	196600000	q32.3	gpos75	q	chr2q
421	2	91800001	96000000	196600001	202500000	q33.1	gneg	q	chr2q
422	2	91800001	96000000	202500001	204100000	q33.2	gpos50	q	chr2q
423	2	91800001	96000000	204100001	208200000	q33.3	gneg	q	chr2q
424	2	91800001	96000000	208200001	214500000	q34	gpos100	q	chr2q
425	2	91800001	96000000	214500001	220700000	q35	gneg	q	chr2q
426	2	91800001	96000000	220700001	224300000	q36.1	gpos75	q	chr2q
427	2	91800001	96000000	224300001	225200000	q36.2	gneg	q	chr2q
428	2	91800001	96000000	225200001	230100000	q36.3	gpos100	q	chr2q
429	2	91800001	96000000	230100001	234700000	q37.1	gneg	q	chr2q
430	2	91800001	96000000	234700001	236400000	q37.2	gpos50	q	chr2q
431	2	91800001	96000000	236400001	242193529	q37.3	gneg	q	chr2q
432	20	25700001	30400000	1	5100000	p13	gneg	p	chr20p
433	20	25700001	30400000	5100001	9200000	p12.3	gpos75	p	chr20p
434	20	25700001	30400000	9200001	12000000	p12.2	gneg	p	chr20p
435	20	25700001	30400000	12000001	17900000	p12.1	gpos75	p	chr20p
436	20	25700001	30400000	17900001	21300000	p11.23	gneg	p	chr20p
437	20	25700001	30400000	21300001	22300000	p11.22	gpos25	p	chr20p
438	20	25700001	30400000	22300001	25700000	p11.21	gneg	p	chr20p
439	20	25700001	30400000	25700001	28100000	p11.1	acen	p	chr20p
440	20	25700001	30400000	28100001	30400000	q11.1	acen	q	chr20q
441	20	25700001	30400000	30400001	33500000	q11.21	gneg	q	chr20q
442	20	25700001	30400000	33500001	35800000	q11.22	gpos25	q	chr20q
443	20	25700001	30400000	35800001	39000000	q11.23	gneg	q	chr20q
444	20	25700001	30400000	39000001	43100000	q12	gpos75	q	chr20q
445	20	25700001	30400000	43100001	43500000	q13.11	gneg	q	chr20q
446	20	25700001	30400000	43500001	47800000	q13.12	gpos25	q	chr20q
447	20	25700001	30400000	47800001	51200000	q13.13	gneg	q	chr20q
448	20	25700001	30400000	51200001	56400000	q13.2	gpos75	q	chr20q
449	20	25700001	30400000	56400001	57800000	q13.31	gneg	q	chr20q
450	20	25700001	30400000	57800001	59700000	q13.32	gpos50	q	chr20q
451	20	25700001	30400000	59700001	64444167	q13.33	gneg	q	chr20q
452	21	10900001	13000000	1	3100000	p13	gvar	p	chr21p
453	21	10900001	13000000	3100001	7000000	p12	stalk	p	chr21p
454	21	10900001	13000000	7000001	10900000	p11.2	gvar	p	chr21p
455	21	10900001	13000000	10900001	12000000	p11.1	acen	p	chr21p
456	21	10900001	13000000	12000001	13000000	q11.1	acen	q	chr21q
457	21	10900001	13000000	13000001	15000000	q11.2	gneg	q	chr21q
458	21	10900001	13000000	15000001	22600000	q21.1	gpos100	q	chr21q
459	21	10900001	13000000	22600001	25500000	q21.2	gneg	q	chr21q
460	21	10900001	13000000	25500001	30200000	q21.3	gpos75	q	chr21q
461	21	10900001	13000000	30200001	34400000	q22.11	gneg	q	chr21q
462	21	10900001	13000000	34400001	36400000	q22.12	gpos50	q	chr21q
463	21	10900001	13000000	36400001	38300000	q22.13	gneg	q	chr21q
464	21	10900001	13000000	38300001	41200000	q22.2	gpos50	q	chr21q
465	21	10900001	13000000	41200001	46709983	q22.3	gneg	q	chr21q
466	22	13700001	17400000	1	4300000	p13	gvar	p	chr22p
467	22	13700001	17400000	4300001	9400000	p12	stalk	p	chr22p
468	22	13700001	17400000	9400001	13700000	p11.2	gvar	p	chr22p
469	22	13700001	17400000	13700001	15000000	p11.1	acen	p	chr22p
470	22	13700001	17400000	15000001	17400000	q11.1	acen	q	chr22q
471	22	13700001	17400000	17400001	21700000	q11.21	gneg	q	chr22q
472	22	13700001	17400000	21700001	23100000	q11.22	gpos25	q	chr22q
473	22	13700001	17400000	23100001	25500000	q11.23	gneg	q	chr22q
474	22	13700001	17400000	25500001	29200000	q12.1	gpos50	q	chr22q
475	22	13700001	17400000	29200001	31800000	q12.2	gneg	q	chr22q
476	22	13700001	17400000	31800001	37200000	q12.3	gpos50	q	chr22q
477	22	13700001	17400000	37200001	40600000	q13.1	gneg	q	chr22q
478	22	13700001	17400000	40600001	43800000	q13.2	gpos50	q	chr22q
479	22	13700001	17400000	43800001	48100000	q13.31	gneg	q	chr22q
480	22	13700001	17400000	48100001	49100000	q13.32	gpos50	q	chr22q
481	22	13700001	17400000	49100001	50818468	q13.33	gneg	q	chr22q
482	3	87800001	94000000	1	2800000	p26.3	gpos50	p	chr3p
483	3	87800001	94000000	2800001	4000000	p26.2	gneg	p	chr3p
484	3	87800001	94000000	4000001	8100000	p26.1	gpos50	p	chr3p
485	3	87800001	94000000	8100001	11600000	p25.3	gneg	p	chr3p
486	3	87800001	94000000	11600001	13200000	p25.2	gpos25	p	chr3p
487	3	87800001	94000000	13200001	16300000	p25.1	gneg	p	chr3p
488	3	87800001	94000000	16300001	23800000	p24.3	gpos100	p	chr3p
489	3	87800001	94000000	23800001	26300000	p24.2	gneg	p	chr3p
490	3	87800001	94000000	26300001	30800000	p24.1	gpos75	p	chr3p
491	3	87800001	94000000	30800001	32000000	p23	gneg	p	chr3p
492	3	87800001	94000000	32000001	36400000	p22.3	gpos50	p	chr3p
493	3	87800001	94000000	36400001	39300000	p22.2	gneg	p	chr3p
494	3	87800001	94000000	39300001	43600000	p22.1	gpos75	p	chr3p
495	3	87800001	94000000	43600001	44100000	p21.33	gneg	p	chr3p
496	3	87800001	94000000	44100001	44200000	p21.32	gpos50	p	chr3p
497	3	87800001	94000000	44200001	50600000	p21.31	gneg	p	chr3p
498	3	87800001	94000000	50600001	52300000	p21.2	gpos25	p	chr3p
499	3	87800001	94000000	52300001	54400000	p21.1	gneg	p	chr3p
500	3	87800001	94000000	54400001	58600000	p14.3	gpos50	p	chr3p
501	3	87800001	94000000	58600001	63800000	p14.2	gneg	p	chr3p
502	3	87800001	94000000	63800001	69700000	p14.1	gpos50	p	chr3p
503	3	87800001	94000000	69700001	74100000	p13	gneg	p	chr3p
504	3	87800001	94000000	74100001	79800000	p12.3	gpos75	p	chr3p
505	3	87800001	94000000	79800001	83500000	p12.2	gneg	p	chr3p
506	3	87800001	94000000	83500001	87100000	p12.1	gpos75	p	chr3p
507	3	87800001	94000000	87100001	87800000	p11.2	gneg	p	chr3p
508	3	87800001	94000000	87800001	90900000	p11.1	acen	p	chr3p
509	3	87800001	94000000	90900001	94000000	q11.1	acen	q	chr3q
510	3	87800001	94000000	94000001	98600000	q11.2	gvar	q	chr3q
511	3	87800001	94000000	98600001	100300000	q12.1	gneg	q	chr3q
512	3	87800001	94000000	100300001	101200000	q12.2	gpos25	q	chr3q
513	3	87800001	94000000	101200001	103100000	q12.3	gneg	q	chr3q
514	3	87800001	94000000	103100001	106500000	q13.11	gpos75	q	chr3q
515	3	87800001	94000000	106500001	108200000	q13.12	gneg	q	chr3q
516	3	87800001	94000000	108200001	111600000	q13.13	gpos50	q	chr3q
517	3	87800001	94000000	111600001	113700000	q13.2	gneg	q	chr3q
518	3	87800001	94000000	113700001	117600000	q13.31	gpos75	q	chr3q
519	3	87800001	94000000	117600001	119300000	q13.32	gneg	q	chr3q
520	3	87800001	94000000	119300001	122200000	q13.33	gpos75	q	chr3q
521	3	87800001	94000000	122200001	124100000	q21.1	gneg	q	chr3q
522	3	87800001	94000000	124100001	126100000	q21.2	gpos25	q	chr3q
523	3	87800001	94000000	126100001	129500000	q21.3	gneg	q	chr3q
524	3	87800001	94000000	129500001	134000000	q22.1	gpos25	q	chr3q
525	3	87800001	94000000	134000001	136000000	q22.2	gneg	q	chr3q
526	3	87800001	94000000	136000001	139000000	q22.3	gpos25	q	chr3q
527	3	87800001	94000000	139000001	143100000	q23	gneg	q	chr3q
528	3	87800001	94000000	143100001	149200000	q24	gpos100	q	chr3q
529	3	87800001	94000000	149200001	152300000	q25.1	gneg	q	chr3q
530	3	87800001	94000000	152300001	155300000	q25.2	gpos50	q	chr3q
531	3	87800001	94000000	155300001	157300000	q25.31	gneg	q	chr3q
532	3	87800001	94000000	157300001	159300000	q25.32	gpos50	q	chr3q
533	3	87800001	94000000	159300001	161000000	q25.33	gneg	q	chr3q
534	3	87800001	94000000	161000001	167900000	q26.1	gpos100	q	chr3q
535	3	87800001	94000000	167900001	171200000	q26.2	gneg	q	chr3q
536	3	87800001	94000000	171200001	176000000	q26.31	gpos75	q	chr3q
537	3	87800001	94000000	176000001	179300000	q26.32	gneg	q	chr3q
538	3	87800001	94000000	179300001	183000000	q26.33	gpos75	q	chr3q
539	3	87800001	94000000	183000001	184800000	q27.1	gneg	q	chr3q
540	3	87800001	94000000	184800001	186300000	q27.2	gpos25	q	chr3q
541	3	87800001	94000000	186300001	188200000	q27.3	gneg	q	chr3q
542	3	87800001	94000000	188200001	192600000	q28	gpos75	q	chr3q
543	3	87800001	94000000	192600001	198295559	q29	gneg	q	chr3q
544	4	48200001	51800000	1	4500000	p16.3	gneg	p	chr4p
545	4	48200001	51800000	4500001	6000000	p16.2	gpos25	p	chr4p
546	4	48200001	51800000	6000001	11300000	p16.1	gneg	p	chr4p
547	4	48200001	51800000	11300001	15000000	p15.33	gpos50	p	chr4p
548	4	48200001	51800000	15000001	17700000	p15.32	gneg	p	chr4p
549	4	48200001	51800000	17700001	21300000	p15.31	gpos75	p	chr4p
550	4	48200001	51800000	21300001	27700000	p15.2	gneg	p	chr4p
551	4	48200001	51800000	27700001	35800000	p15.1	gpos100	p	chr4p
552	4	48200001	51800000	35800001	41200000	p14	gneg	p	chr4p
553	4	48200001	51800000	41200001	44600000	p13	gpos50	p	chr4p
554	4	48200001	51800000	44600001	48200000	p12	gneg	p	chr4p
555	4	48200001	51800000	48200001	50000000	p11	acen	p	chr4p
556	4	48200001	51800000	50000001	51800000	q11	acen	q	chr4q
557	4	48200001	51800000	51800001	58500000	q12	gneg	q	chr4q
558	4	48200001	51800000	58500001	65500000	q13.1	gpos100	q	chr4q
559	4	48200001	51800000	65500001	69400000	q13.2	gneg	q	chr4q
560	4	48200001	51800000	69400001	75300000	q13.3	gpos75	q	chr4q
561	4	48200001	51800000	75300001	78000000	q21.1	gneg	q	chr4q
562	4	48200001	51800000	78000001	81500000	q21.21	gpos50	q	chr4q
563	4	48200001	51800000	81500001	83200000	q21.22	gneg	q	chr4q
564	4	48200001	51800000	83200001	86000000	q21.23	gpos25	q	chr4q
565	4	48200001	51800000	86000001	87100000	q21.3	gneg	q	chr4q
566	4	48200001	51800000	87100001	92800000	q22.1	gpos75	q	chr4q
567	4	48200001	51800000	92800001	94200000	q22.2	gneg	q	chr4q
568	4	48200001	51800000	94200001	97900000	q22.3	gpos75	q	chr4q
569	4	48200001	51800000	97900001	100100000	q23	gneg	q	chr4q
570	4	48200001	51800000	100100001	106700000	q24	gpos50	q	chr4q
571	4	48200001	51800000	106700001	113200000	q25	gneg	q	chr4q
572	4	48200001	51800000	113200001	119900000	q26	gpos75	q	chr4q
573	4	48200001	51800000	119900001	122800000	q27	gneg	q	chr4q
574	4	48200001	51800000	122800001	127900000	q28.1	gpos50	q	chr4q
575	4	48200001	51800000	127900001	130100000	q28.2	gneg	q	chr4q
576	4	48200001	51800000	130100001	138500000	q28.3	gpos100	q	chr4q
577	4	48200001	51800000	138500001	140600000	q31.1	gneg	q	chr4q
578	4	48200001	51800000	140600001	145900000	q31.21	gpos25	q	chr4q
579	4	48200001	51800000	145900001	147500000	q31.22	gneg	q	chr4q
580	4	48200001	51800000	147500001	150200000	q31.23	gpos25	q	chr4q
581	4	48200001	51800000	150200001	154600000	q31.3	gneg	q	chr4q
582	4	48200001	51800000	154600001	160800000	q32.1	gpos100	q	chr4q
583	4	48200001	51800000	160800001	163600000	q32.2	gneg	q	chr4q
584	4	48200001	51800000	163600001	169200000	q32.3	gpos100	q	chr4q
585	4	48200001	51800000	169200001	171000000	q33	gneg	q	chr4q
586	4	48200001	51800000	171000001	175400000	q34.1	gpos75	q	chr4q
587	4	48200001	51800000	175400001	176600000	q34.2	gneg	q	chr4q
588	4	48200001	51800000	176600001	182300000	q34.3	gpos100	q	chr4q
589	4	48200001	51800000	182300001	186200000	q35.1	gneg	q	chr4q
590	4	48200001	51800000	186200001	190214555	q35.2	gpos25	q	chr4q
591	5	46100001	51400000	1	4400000	p15.33	gneg	p	chr5p
592	5	46100001	51400000	4400001	6300000	p15.32	gpos25	p	chr5p
593	5	46100001	51400000	6300001	9900000	p15.31	gneg	p	chr5p
594	5	46100001	51400000	9900001	15000000	p15.2	gpos50	p	chr5p
595	5	46100001	51400000	15000001	18400000	p15.1	gneg	p	chr5p
596	5	46100001	51400000	18400001	23300000	p14.3	gpos100	p	chr5p
597	5	46100001	51400000	23300001	24600000	p14.2	gneg	p	chr5p
598	5	46100001	51400000	24600001	28900000	p14.1	gpos100	p	chr5p
599	5	46100001	51400000	28900001	33800000	p13.3	gneg	p	chr5p
600	5	46100001	51400000	33800001	38400000	p13.2	gpos25	p	chr5p
601	5	46100001	51400000	38400001	42500000	p13.1	gneg	p	chr5p
602	5	46100001	51400000	42500001	46100000	p12	gpos50	p	chr5p
603	5	46100001	51400000	46100001	48800000	p11	acen	p	chr5p
604	5	46100001	51400000	48800001	51400000	q11.1	acen	q	chr5q
605	5	46100001	51400000	51400001	59600000	q11.2	gneg	q	chr5q
606	5	46100001	51400000	59600001	63600000	q12.1	gpos75	q	chr5q
607	5	46100001	51400000	63600001	63900000	q12.2	gneg	q	chr5q
608	5	46100001	51400000	63900001	67400000	q12.3	gpos75	q	chr5q
609	5	46100001	51400000	67400001	69100000	q13.1	gneg	q	chr5q
610	5	46100001	51400000	69100001	74000000	q13.2	gpos50	q	chr5q
611	5	46100001	51400000	74000001	77600000	q13.3	gneg	q	chr5q
612	5	46100001	51400000	77600001	82100000	q14.1	gpos50	q	chr5q
613	5	46100001	51400000	82100001	83500000	q14.2	gneg	q	chr5q
614	5	46100001	51400000	83500001	93000000	q14.3	gpos100	q	chr5q
615	5	46100001	51400000	93000001	98900000	q15	gneg	q	chr5q
616	5	46100001	51400000	98900001	103400000	q21.1	gpos100	q	chr5q
617	5	46100001	51400000	103400001	105100000	q21.2	gneg	q	chr5q
618	5	46100001	51400000	105100001	110200000	q21.3	gpos100	q	chr5q
619	5	46100001	51400000	110200001	112200000	q22.1	gneg	q	chr5q
620	5	46100001	51400000	112200001	113800000	q22.2	gpos50	q	chr5q
621	5	46100001	51400000	113800001	115900000	q22.3	gneg	q	chr5q
622	5	46100001	51400000	115900001	122100000	q23.1	gpos100	q	chr5q
623	5	46100001	51400000	122100001	127900000	q23.2	gneg	q	chr5q
624	5	46100001	51400000	127900001	131200000	q23.3	gpos100	q	chr5q
625	5	46100001	51400000	131200001	136900000	q31.1	gneg	q	chr5q
626	5	46100001	51400000	136900001	140100000	q31.2	gpos25	q	chr5q
627	5	46100001	51400000	140100001	145100000	q31.3	gneg	q	chr5q
628	5	46100001	51400000	145100001	150400000	q32	gpos75	q	chr5q
629	5	46100001	51400000	150400001	153300000	q33.1	gneg	q	chr5q
630	5	46100001	51400000	153300001	156300000	q33.2	gpos50	q	chr5q
631	5	46100001	51400000	156300001	160500000	q33.3	gneg	q	chr5q
632	5	46100001	51400000	160500001	169000000	q34	gpos100	q	chr5q
633	5	46100001	51400000	169000001	173300000	q35.1	gneg	q	chr5q
634	5	46100001	51400000	173300001	177100000	q35.2	gpos25	q	chr5q
635	5	46100001	51400000	177100001	181538259	q35.3	gneg	q	chr5q
636	6	58500001	62600000	1	2300000	p25.3	gneg	p	chr6p
637	6	58500001	62600000	2300001	4200000	p25.2	gpos25	p	chr6p
638	6	58500001	62600000	4200001	7100000	p25.1	gneg	p	chr6p
639	6	58500001	62600000	7100001	10600000	p24.3	gpos50	p	chr6p
640	6	58500001	62600000	10600001	11600000	p24.2	gneg	p	chr6p
641	6	58500001	62600000	11600001	13400000	p24.1	gpos25	p	chr6p
642	6	58500001	62600000	13400001	15200000	p23	gneg	p	chr6p
643	6	58500001	62600000	15200001	25200000	p22.3	gpos75	p	chr6p
644	6	58500001	62600000	25200001	27100000	p22.2	gneg	p	chr6p
645	6	58500001	62600000	27100001	30500000	p22.1	gpos50	p	chr6p
646	6	58500001	62600000	30500001	32100000	p21.33	gneg	p	chr6p
647	6	58500001	62600000	32100001	33500000	p21.32	gpos25	p	chr6p
648	6	58500001	62600000	33500001	36600000	p21.31	gneg	p	chr6p
649	6	58500001	62600000	36600001	40500000	p21.2	gpos25	p	chr6p
650	6	58500001	62600000	40500001	46200000	p21.1	gneg	p	chr6p
651	6	58500001	62600000	46200001	51800000	p12.3	gpos100	p	chr6p
652	6	58500001	62600000	51800001	53000000	p12.2	gneg	p	chr6p
653	6	58500001	62600000	53000001	57200000	p12.1	gpos100	p	chr6p
654	6	58500001	62600000	57200001	58500000	p11.2	gneg	p	chr6p
655	6	58500001	62600000	58500001	59800000	p11.1	acen	p	chr6p
656	6	58500001	62600000	59800001	62600000	q11.1	acen	q	chr6q
657	6	58500001	62600000	62600001	62700000	q11.2	gneg	q	chr6q
658	6	58500001	62600000	62700001	69200000	q12	gpos100	q	chr6q
659	6	58500001	62600000	69200001	75200000	q13	gneg	q	chr6q
660	6	58500001	62600000	75200001	83200000	q14.1	gpos50	q	chr6q
661	6	58500001	62600000	83200001	84200000	q14.2	gneg	q	chr6q
662	6	58500001	62600000	84200001	87300000	q14.3	gpos50	q	chr6q
663	6	58500001	62600000	87300001	92500000	q15	gneg	q	chr6q
664	6	58500001	62600000	92500001	98900000	q16.1	gpos100	q	chr6q
665	6	58500001	62600000	98900001	100000000	q16.2	gneg	q	chr6q
666	6	58500001	62600000	100000001	105000000	q16.3	gpos100	q	chr6q
667	6	58500001	62600000	105000001	114200000	q21	gneg	q	chr6q
668	6	58500001	62600000	114200001	117900000	q22.1	gpos75	q	chr6q
669	6	58500001	62600000	117900001	118100000	q22.2	gneg	q	chr6q
670	6	58500001	62600000	118100001	125800000	q22.31	gpos100	q	chr6q
671	6	58500001	62600000	125800001	126800000	q22.32	gneg	q	chr6q
672	6	58500001	62600000	126800001	130000000	q22.33	gpos75	q	chr6q
673	6	58500001	62600000	130000001	130900000	q23.1	gneg	q	chr6q
674	6	58500001	62600000	130900001	134700000	q23.2	gpos50	q	chr6q
675	6	58500001	62600000	134700001	138300000	q23.3	gneg	q	chr6q
676	6	58500001	62600000	138300001	142200000	q24.1	gpos75	q	chr6q
677	6	58500001	62600000	142200001	145100000	q24.2	gneg	q	chr6q
678	6	58500001	62600000	145100001	148500000	q24.3	gpos75	q	chr6q
679	6	58500001	62600000	148500001	152100000	q25.1	gneg	q	chr6q
680	6	58500001	62600000	152100001	155200000	q25.2	gpos50	q	chr6q
681	6	58500001	62600000	155200001	160600000	q25.3	gneg	q	chr6q
682	6	58500001	62600000	160600001	164100000	q26	gpos50	q	chr6q
683	6	58500001	62600000	164100001	170805979	q27	gneg	q	chr6q
684	7	58100001	62100000	1	2800000	p22.3	gneg	p	chr7p
685	7	58100001	62100000	2800001	4500000	p22.2	gpos25	p	chr7p
686	7	58100001	62100000	4500001	7200000	p22.1	gneg	p	chr7p
687	7	58100001	62100000	7200001	13700000	p21.3	gpos100	p	chr7p
688	7	58100001	62100000	13700001	16500000	p21.2	gneg	p	chr7p
689	7	58100001	62100000	16500001	20900000	p21.1	gpos100	p	chr7p
690	7	58100001	62100000	20900001	25500000	p15.3	gneg	p	chr7p
691	7	58100001	62100000	25500001	27900000	p15.2	gpos50	p	chr7p
692	7	58100001	62100000	27900001	28800000	p15.1	gneg	p	chr7p
693	7	58100001	62100000	28800001	34900000	p14.3	gpos75	p	chr7p
694	7	58100001	62100000	34900001	37100000	p14.2	gneg	p	chr7p
695	7	58100001	62100000	37100001	43300000	p14.1	gpos75	p	chr7p
696	7	58100001	62100000	43300001	45400000	p13	gneg	p	chr7p
697	7	58100001	62100000	45400001	49000000	p12.3	gpos75	p	chr7p
698	7	58100001	62100000	49000001	50500000	p12.2	gneg	p	chr7p
699	7	58100001	62100000	50500001	53900000	p12.1	gpos75	p	chr7p
700	7	58100001	62100000	53900001	58100000	p11.2	gneg	p	chr7p
701	7	58100001	62100000	58100001	60100000	p11.1	acen	p	chr7p
702	7	58100001	62100000	60100001	62100000	q11.1	acen	q	chr7q
703	7	58100001	62100000	62100001	67500000	q11.21	gneg	q	chr7q
704	7	58100001	62100000	67500001	72700000	q11.22	gpos50	q	chr7q
705	7	58100001	62100000	72700001	77900000	q11.23	gneg	q	chr7q
706	7	58100001	62100000	77900001	86700000	q21.11	gpos100	q	chr7q
707	7	58100001	62100000	86700001	88500000	q21.12	gneg	q	chr7q
708	7	58100001	62100000	88500001	91500000	q21.13	gpos75	q	chr7q
709	7	58100001	62100000	91500001	93300000	q21.2	gneg	q	chr7q
710	7	58100001	62100000	93300001	98400000	q21.3	gpos75	q	chr7q
711	7	58100001	62100000	98400001	104200000	q22.1	gneg	q	chr7q
712	7	58100001	62100000	104200001	104900000	q22.2	gpos50	q	chr7q
713	7	58100001	62100000	104900001	107800000	q22.3	gneg	q	chr7q
714	7	58100001	62100000	107800001	115000000	q31.1	gpos75	q	chr7q
715	7	58100001	62100000	115000001	117700000	q31.2	gneg	q	chr7q
716	7	58100001	62100000	117700001	121400000	q31.31	gpos75	q	chr7q
717	7	58100001	62100000	121400001	124100000	q31.32	gneg	q	chr7q
718	7	58100001	62100000	124100001	127500000	q31.33	gpos75	q	chr7q
719	7	58100001	62100000	127500001	129600000	q32.1	gneg	q	chr7q
720	7	58100001	62100000	129600001	130800000	q32.2	gpos25	q	chr7q
721	7	58100001	62100000	130800001	132900000	q32.3	gneg	q	chr7q
722	7	58100001	62100000	132900001	138500000	q33	gpos50	q	chr7q
723	7	58100001	62100000	138500001	143400000	q34	gneg	q	chr7q
724	7	58100001	62100000	143400001	148200000	q35	gpos75	q	chr7q
725	7	58100001	62100000	148200001	152800000	q36.1	gneg	q	chr7q
726	7	58100001	62100000	152800001	155200000	q36.2	gpos25	q	chr7q
727	7	58100001	62100000	155200001	159345973	q36.3	gneg	q	chr7q
728	8	43200001	47200000	1	2300000	p23.3	gneg	p	chr8p
729	8	43200001	47200000	2300001	6300000	p23.2	gpos75	p	chr8p
730	8	43200001	47200000	6300001	12800000	p23.1	gneg	p	chr8p
731	8	43200001	47200000	12800001	19200000	p22	gpos100	p	chr8p
732	8	43200001	47200000	19200001	23500000	p21.3	gneg	p	chr8p
733	8	43200001	47200000	23500001	27500000	p21.2	gpos50	p	chr8p
734	8	43200001	47200000	27500001	29000000	p21.1	gneg	p	chr8p
735	8	43200001	47200000	29000001	36700000	p12	gpos75	p	chr8p
736	8	43200001	47200000	36700001	38500000	p11.23	gneg	p	chr8p
737	8	43200001	47200000	38500001	39900000	p11.22	gpos25	p	chr8p
738	8	43200001	47200000	39900001	43200000	p11.21	gneg	p	chr8p
739	8	43200001	47200000	43200001	45200000	p11.1	acen	p	chr8p
740	8	43200001	47200000	45200001	47200000	q11.1	acen	q	chr8q
741	8	43200001	47200000	47200001	51300000	q11.21	gneg	q	chr8q
742	8	43200001	47200000	51300001	51700000	q11.22	gpos75	q	chr8q
743	8	43200001	47200000	51700001	54600000	q11.23	gneg	q	chr8q
744	8	43200001	47200000	54600001	60600000	q12.1	gpos50	q	chr8q
745	8	43200001	47200000	60600001	61300000	q12.2	gneg	q	chr8q
746	8	43200001	47200000	61300001	65100000	q12.3	gpos50	q	chr8q
747	8	43200001	47200000	65100001	67100000	q13.1	gneg	q	chr8q
748	8	43200001	47200000	67100001	69600000	q13.2	gpos50	q	chr8q
749	8	43200001	47200000	69600001	72000000	q13.3	gneg	q	chr8q
750	8	43200001	47200000	72000001	74600000	q21.11	gpos100	q	chr8q
751	8	43200001	47200000	74600001	74700000	q21.12	gneg	q	chr8q
752	8	43200001	47200000	74700001	83500000	q21.13	gpos75	q	chr8q
753	8	43200001	47200000	83500001	85900000	q21.2	gneg	q	chr8q
754	8	43200001	47200000	85900001	92300000	q21.3	gpos100	q	chr8q
755	8	43200001	47200000	92300001	97900000	q22.1	gneg	q	chr8q
756	8	43200001	47200000	97900001	100500000	q22.2	gpos25	q	chr8q
757	8	43200001	47200000	100500001	105100000	q22.3	gneg	q	chr8q
758	8	43200001	47200000	105100001	109500000	q23.1	gpos75	q	chr8q
759	8	43200001	47200000	109500001	111100000	q23.2	gneg	q	chr8q
760	8	43200001	47200000	111100001	116700000	q23.3	gpos100	q	chr8q
761	8	43200001	47200000	116700001	118300000	q24.11	gneg	q	chr8q
762	8	43200001	47200000	118300001	121500000	q24.12	gpos50	q	chr8q
763	8	43200001	47200000	121500001	126300000	q24.13	gneg	q	chr8q
764	8	43200001	47200000	126300001	130400000	q24.21	gpos50	q	chr8q
765	8	43200001	47200000	130400001	135400000	q24.22	gneg	q	chr8q
766	8	43200001	47200000	135400001	138900000	q24.23	gpos75	q	chr8q
767	8	43200001	47200000	138900001	145138636	q24.3	gneg	q	chr8q
768	9	42200001	45500000	1	2200000	p24.3	gneg	p	chr9p
769	9	42200001	45500000	2200001	4600000	p24.2	gpos25	p	chr9p
770	9	42200001	45500000	4600001	9000000	p24.1	gneg	p	chr9p
771	9	42200001	45500000	9000001	14200000	p23	gpos75	p	chr9p
772	9	42200001	45500000	14200001	16600000	p22.3	gneg	p	chr9p
773	9	42200001	45500000	16600001	18500000	p22.2	gpos25	p	chr9p
774	9	42200001	45500000	18500001	19900000	p22.1	gneg	p	chr9p
775	9	42200001	45500000	19900001	25600000	p21.3	gpos100	p	chr9p
776	9	42200001	45500000	25600001	28000000	p21.2	gneg	p	chr9p
777	9	42200001	45500000	28000001	33200000	p21.1	gpos100	p	chr9p
778	9	42200001	45500000	33200001	36300000	p13.3	gneg	p	chr9p
779	9	42200001	45500000	36300001	37900000	p13.2	gpos25	p	chr9p
780	9	42200001	45500000	37900001	39000000	p13.1	gneg	p	chr9p
781	9	42200001	45500000	39000001	40000000	p12	gpos50	p	chr9p
782	9	42200001	45500000	40000001	42200000	p11.2	gneg	p	chr9p
783	9	42200001	45500000	42200001	43000000	p11.1	acen	p	chr9p
784	9	42200001	45500000	43000001	45500000	q11	acen	q	chr9q
785	9	42200001	45500000	45500001	61500000	q12	gvar	q	chr9q
786	9	42200001	45500000	61500001	65000000	q13	gneg	q	chr9q
787	9	42200001	45500000	65000001	69300000	q21.11	gpos25	q	chr9q
788	9	42200001	45500000	69300001	71300000	q21.12	gneg	q	chr9q
789	9	42200001	45500000	71300001	76600000	q21.13	gpos50	q	chr9q
790	9	42200001	45500000	76600001	78500000	q21.2	gneg	q	chr9q
791	9	42200001	45500000	78500001	81500000	q21.31	gpos50	q	chr9q
792	9	42200001	45500000	81500001	84300000	q21.32	gneg	q	chr9q
793	9	42200001	45500000	84300001	87800000	q21.33	gpos50	q	chr9q
794	9	42200001	45500000	87800001	89200000	q22.1	gneg	q	chr9q
795	9	42200001	45500000	89200001	91200000	q22.2	gpos25	q	chr9q
796	9	42200001	45500000	91200001	93900000	q22.31	gneg	q	chr9q
797	9	42200001	45500000	93900001	96500000	q22.32	gpos25	q	chr9q
798	9	42200001	45500000	96500001	99800000	q22.33	gneg	q	chr9q
799	9	42200001	45500000	99800001	105400000	q31.1	gpos100	q	chr9q
800	9	42200001	45500000	105400001	108500000	q31.2	gneg	q	chr9q
801	9	42200001	45500000	108500001	112100000	q31.3	gpos25	q	chr9q
802	9	42200001	45500000	112100001	114900000	q32	gneg	q	chr9q
803	9	42200001	45500000	114900001	119800000	q33.1	gpos75	q	chr9q
804	9	42200001	45500000	119800001	123100000	q33.2	gneg	q	chr9q
805	9	42200001	45500000	123100001	127500000	q33.3	gpos25	q	chr9q
806	9	42200001	45500000	127500001	130600000	q34.11	gneg	q	chr9q
807	9	42200001	45500000	130600001	131100000	q34.12	gpos25	q	chr9q
808	9	42200001	45500000	131100001	133100000	q34.13	gneg	q	chr9q
809	9	42200001	45500000	133100001	134500000	q34.2	gpos25	q	chr9q
810	9	42200001	45500000	134500001	138394717	q34.3	gneg	q	chr9q
811	X	58100001	63800000	1	4400000	p22.33	gneg	p	chrXp
812	X	58100001	63800000	4400001	6100000	p22.32	gpos50	p	chrXp
813	X	58100001	63800000	6100001	9600000	p22.31	gneg	p	chrXp
814	X	58100001	63800000	9600001	17400000	p22.2	gpos50	p	chrXp
815	X	58100001	63800000	17400001	19200000	p22.13	gneg	p	chrXp
816	X	58100001	63800000	19200001	21900000	p22.12	gpos50	p	chrXp
817	X	58100001	63800000	21900001	24900000	p22.11	gneg	p	chrXp
818	X	58100001	63800000	24900001	29300000	p21.3	gpos100	p	chrXp
819	X	58100001	63800000	29300001	31500000	p21.2	gneg	p	chrXp
820	X	58100001	63800000	31500001	37800000	p21.1	gpos100	p	chrXp
821	X	58100001	63800000	37800001	42500000	p11.4	gneg	p	chrXp
822	X	58100001	63800000	42500001	47600000	p11.3	gpos75	p	chrXp
823	X	58100001	63800000	47600001	50100000	p11.23	gneg	p	chrXp
824	X	58100001	63800000	50100001	54800000	p11.22	gpos25	p	chrXp
825	X	58100001	63800000	54800001	58100000	p11.21	gneg	p	chrXp
826	X	58100001	63800000	58100001	61000000	p11.1	acen	p	chrXp
827	X	58100001	63800000	61000001	63800000	q11.1	acen	q	chrXq
828	X	58100001	63800000	63800001	65400000	q11.2	gneg	q	chrXq
829	X	58100001	63800000	65400001	68500000	q12	gpos50	q	chrXq
830	X	58100001	63800000	68500001	73000000	q13.1	gneg	q	chrXq
831	X	58100001	63800000	73000001	74700000	q13.2	gpos50	q	chrXq
832	X	58100001	63800000	74700001	76800000	q13.3	gneg	q	chrXq
833	X	58100001	63800000	76800001	85400000	q21.1	gpos100	q	chrXq
834	X	58100001	63800000	85400001	87000000	q21.2	gneg	q	chrXq
835	X	58100001	63800000	87000001	92700000	q21.31	gpos100	q	chrXq
836	X	58100001	63800000	92700001	94300000	q21.32	gneg	q	chrXq
837	X	58100001	63800000	94300001	99100000	q21.33	gpos75	q	chrXq
838	X	58100001	63800000	99100001	103300000	q22.1	gneg	q	chrXq
839	X	58100001	63800000	103300001	104500000	q22.2	gpos50	q	chrXq
840	X	58100001	63800000	104500001	109400000	q22.3	gneg	q	chrXq
841	X	58100001	63800000	109400001	117400000	q23	gpos75	q	chrXq
842	X	58100001	63800000	117400001	121800000	q24	gneg	q	chrXq
843	X	58100001	63800000	121800001	129500000	q25	gpos100	q	chrXq
844	X	58100001	63800000	129500001	131300000	q26.1	gneg	q	chrXq
845	X	58100001	63800000	131300001	134500000	q26.2	gpos25	q	chrXq
846	X	58100001	63800000	134500001	138900000	q26.3	gneg	q	chrXq
847	X	58100001	63800000	138900001	141200000	q27.1	gpos75	q	chrXq
848	X	58100001	63800000	141200001	143000000	q27.2	gneg	q	chrXq
849	X	58100001	63800000	143000001	148000000	q27.3	gpos100	q	chrXq
850	X	58100001	63800000	148000001	156040895	q28	gneg	q	chrXq
851	Y	10300001	10600000	1	300000	p11.32	gneg	p	chrYp
852	Y	10300001	10600000	300001	600000	p11.31	gpos50	p	chrYp
853	Y	10300001	10600000	600001	10300000	p11.2	gneg	p	chrYp
854	Y	10300001	10600000	10300001	10400000	p11.1	acen	p	chrYp
855	Y	10300001	10600000	10400001	10600000	q11.1	acen	q	chrYq
856	Y	10300001	10600000	10600001	12400000	q11.21	gneg	q	chrYq
857	Y	10300001	10600000	12400001	17100000	q11.221	gpos50	q	chrYq
858	Y	10300001	10600000	17100001	19600000	q11.222	gneg	q	chrYq
859	Y	10300001	10600000	19600001	23800000	q11.223	gpos50	q	chrYq
860	Y	10300001	10600000	23800001	26600000	q11.23	gneg	q	chrYq
861	Y	10300001	10600000	26600001	57227415	q12	gvar	q	chrYq
